{"cameraMode":{"drawMode":0,"name":"Shaded","section":"Shading Mode"},"sceneLighting":false,"audioPlay":false,"sceneViewState":{"m_AlwaysRefresh":false,"showFog":true,"showSkybox":false,"showFlares":true,"showImageEffects":true,"showParticleSystems":true,"showVisualEffectGraphs":true,"m_FxEnabled":true},"in2DMode":false,"pivot":{"x":-23.14533042907715,"y":0.8926581144332886,"z":-33.46546936035156},"rotation":{"x":-0.03493710979819298,"y":0.38075610995292666,"z":-0.014436568133533001,"w":-0.9239364862442017},"size":1.5610418319702149,"orthographic":false}